,Total,HP,Attack,Defense,Sp_Atk,Sp_Def,Speed,isLegendary,hasMegaEvolution,Height_m,Weight_kg,Catch_Rate
711,304,55,69,85,32,35,28,False,False,0.99,99.5,190
254,310,45,60,40,70,50,45,False,False,0.41,2.5,45
61,510,90,95,95,70,90,70,False,False,1.3,54.0,45
192,390,65,65,45,75,45,95,False,False,1.19,38.0,75
412,424,60,59,85,79,105,36,False,False,0.51,6.5,45
29,365,70,62,67,55,55,56,False,False,0.79,20.0,120
275,270,40,55,30,30,30,85,False,False,0.3,2.3,200
204,465,75,90,140,60,60,40,False,False,1.19,125.8,75
333,490,75,70,90,70,105,80,False,True,1.09,20.6,45
361,480,80,80,80,80,80,80,False,True,1.5,256.5,75
182,250,70,20,50,20,50,40,False,False,0.41,8.5,190
688,500,72,105,115,54,86,68,False,False,1.3,96.0,45
446,285,40,70,40,35,40,60,False,False,0.71,20.2,75
519,358,62,77,62,50,42,65,False,False,0.61,15.0,120
342,300,40,40,55,40,70,55,False,False,0.51,21.5,255
375,600,80,135,130,95,90,70,False,True,1.6,550.0,3
424,348,90,50,34,60,44,70,False,False,0.41,1.2,125
323,470,70,85,140,85,70,20,False,False,0.51,80.4,90
622,483,89,124,80,55,80,55,False,False,2.79,330.0,90
396,340,55,75,50,40,40,80,False,False,0.61,15.5,120
176,320,40,50,45,70,45,70,False,False,0.2,2.0,190
290,456,61,90,45,50,50,160,False,False,0.79,12.0,120
660,278,45,50,43,40,38,62,False,False,0.3,1.7,255
525,515,85,135,130,60,80,25,False,False,1.7,260.0,45
680,520,60,50,150,50,150,60,False,False,1.7,53.0,45
137,355,35,40,100,90,55,35,False,False,0.41,7.5,45
209,450,90,120,75,60,60,45,False,False,1.4,48.7,75
675,472,75,80,60,65,90,102,False,False,1.19,28.0,160
163,442,100,50,50,76,96,70,False,False,1.6,40.8,90
381,670,100,100,90,150,140,90,True,False,4.5,352.0,3
632,300,52,65,50,45,50,38,False,False,0.79,17.3,45
684,480,82,80,86,85,75,72,False,False,0.79,5.0,140
618,350,45,85,50,55,50,65,False,False,0.89,20.0,180
620,485,77,120,90,60,90,48,False,False,1.6,139.0,45
324,330,60,25,35,70,80,60,False,False,0.71,30.6,255
443,410,68,90,65,50,55,82,False,False,1.4,56.0,45
104,425,60,80,110,50,80,45,False,False,0.99,45.0,75
114,490,105,95,80,40,80,90,False,True,2.21,80.0,45
647,600,100,77,77,128,128,90,False,False,0.61,6.5,3
425,498,150,80,44,90,54,80,False,False,1.19,15.0,60
676,355,62,48,54,63,60,68,False,False,0.3,3.5,190
423,482,75,100,66,60,66,115,False,False,1.19,20.3,45
92,405,45,50,45,115,55,95,False,False,1.6,0.1,90
7,405,59,63,80,65,80,58,False,False,0.99,22.5,45
89,305,30,65,100,45,25,40,False,False,0.3,4.0,190
605,485,75,75,75,125,95,40,False,False,0.99,34.5,90
552,519,95,117,80,65,70,92,False,False,1.5,96.3,45
537,465,120,100,85,30,85,45,False,False,1.3,55.5,45
539,310,45,53,70,40,60,42,False,False,0.3,2.5,255
408,495,97,165,60,65,50,58,False,False,1.6,102.5,45
449,525,108,112,118,68,72,47,False,False,2.01,300.0,60
582,395,51,65,65,80,75,59,False,False,1.09,41.0,120
140,495,60,115,105,65,70,80,False,False,1.3,40.5,45
28,275,55,47,52,40,40,41,False,False,0.41,7.0,235
43,395,60,65,70,85,75,40,False,False,0.79,8.6,120
42,320,45,50,55,75,65,30,False,False,0.51,5.4,255
73,300,40,80,100,30,30,20,False,False,0.41,20.0,255
167,390,70,90,70,60,60,40,False,False,1.09,33.5,90
247,600,100,134,110,95,100,61,False,True,2.01,202.0,45
630,484,85,97,66,105,66,65,False,False,1.4,58.0,90
66,405,80,100,70,50,60,45,False,False,1.5,70.5,90
11,395,60,45,50,90,80,70,False,False,1.09,32.0,45
331,475,70,115,60,115,60,55,False,False,1.3,77.4,60
587,315,50,75,45,40,45,60,False,False,0.51,5.9,200
178,280,55,40,40,65,45,35,False,False,0.61,7.8,235
291,236,1,90,45,30,30,40,False,False,0.79,1.2,45
662,499,78,81,71,74,69,126,False,False,1.19,24.5,45
439,220,100,5,5,15,65,30,False,False,0.61,24.4,130
689,320,50,60,60,60,60,30,False,False,0.51,7.3,225
456,460,69,69,76,69,86,91,False,False,1.19,24.0,75
177,470,65,75,70,95,70,95,False,False,1.5,15.0,75
493,600,100,100,100,100,100,100,True,False,0.41,4.0,3
481,580,75,125,70,125,70,115,True,False,0.3,0.3,3
83,310,35,85,45,35,35,75,False,False,1.4,39.2,190
218,410,50,50,120,80,80,30,False,False,0.79,55.0,75
490,600,70,90,90,135,90,125,True,False,1.5,50.5,3
349,540,95,60,79,100,125,81,False,False,6.2,162.0,60
15,251,40,45,40,35,35,56,False,False,0.3,1.8,255
416,405,60,45,70,45,90,95,False,False,0.41,3.9,200
256,530,80,120,70,110,70,80,False,True,1.91,52.0,45
437,290,50,80,95,10,45,10,False,False,0.51,15.0,255
314,400,50,60,45,100,80,65,False,False,0.3,2.0,150
645,660,125,130,90,130,90,95,True,False,3.0,325.0,3
549,460,70,92,65,80,55,98,False,False,0.99,18.0,25
336,440,70,55,65,95,85,70,False,False,0.99,168.0,45
673,348,67,82,62,46,48,43,False,False,0.61,8.0,220
369,330,43,30,55,40,65,97,False,False,0.61,8.7,225
9,195,45,30,35,20,20,45,False,False,0.3,2.9,255
249,680,106,130,90,110,154,90,True,False,3.81,199.0,3
22,288,35,60,44,40,54,55,False,False,2.01,6.9,255
221,380,55,55,85,65,85,35,False,False,0.61,5.0,60
468,515,86,76,86,116,56,95,False,False,1.91,51.5,30
705,600,90,100,70,110,150,80,False,False,2.01,150.5,45
367,485,55,84,105,114,75,52,False,False,1.8,22.6,60
602,405,65,85,70,75,70,40,False,False,1.19,22.0,60
203,290,50,65,90,35,35,15,False,False,0.61,7.2,190
434,479,103,93,67,71,61,84,False,False,0.99,38.0,60
93,500,60,65,60,130,75,110,False,True,1.5,40.5,45
382,670,100,150,140,100,90,90,True,False,3.51,950.0,3
299,260,50,45,45,35,35,50,False,False,0.61,11.0,255
656,405,54,63,52,83,56,97,False,False,0.61,10.9,45
184,410,70,100,115,30,65,30,False,False,1.19,38.0,65
581,305,36,50,50,65,60,44,False,False,0.41,5.7,255
319,400,130,70,35,70,35,60,False,False,2.01,130.0,125
153,525,80,82,100,83,100,80,False,False,1.8,100.5,45
75,495,80,120,130,55,65,45,False,False,1.4,300.0,45
595,472,70,77,60,97,60,108,False,False,0.79,14.3,75
277,270,40,30,30,55,30,85,False,False,0.61,9.5,190
68,300,50,75,35,70,30,40,False,False,0.71,4.0,255
550,292,50,72,35,35,35,65,False,False,0.71,15.2,180
188,460,75,55,70,55,95,110,False,False,0.79,3.0,45
271,480,80,70,70,90,100,70,False,False,1.5,55.0,45
236,455,50,95,95,35,110,70,False,False,1.4,48.0,45
88,500,105,105,75,65,100,50,False,False,1.19,30.0,75
610,410,66,117,70,40,50,67,False,False,0.99,36.0,60
117,320,45,67,60,35,50,63,False,False,0.61,15.0,225
125,495,65,95,57,100,85,93,False,False,1.3,44.5,45
591,335,55,40,50,65,85,40,False,False,1.19,33.0,190
289,266,31,45,90,30,30,40,False,False,0.51,5.5,255
238,360,45,63,37,65,55,95,False,False,0.61,23.5,45
0,318,45,49,49,65,65,45,False,False,0.71,6.9,45
712,514,95,117,184,44,46,28,False,False,2.01,505.0,55
457,345,45,20,50,60,120,50,False,False,0.99,65.0,25
627,510,100,123,75,57,75,80,False,False,1.5,41.0,60
436,500,67,89,116,79,116,33,False,False,1.3,187.0,90
278,430,60,50,100,85,70,65,False,False,1.19,28.0,45
116,440,55,65,95,95,45,85,False,False,1.19,25.0,75
228,500,75,90,50,110,80,95,False,True,1.4,35.0,45
338,288,50,48,43,46,41,60,False,False,0.41,1.9,190
351,440,60,90,70,60,120,40,False,False,0.99,22.0,200
274,480,90,100,60,90,60,80,False,False,1.3,59.6,45
479,580,75,75,130,75,130,95,True,False,0.3,0.3,3
144,580,90,90,85,125,90,100,True,False,1.6,52.6,3
417,330,55,65,35,60,30,85,False,False,0.71,29.5,190
409,350,30,42,118,42,88,30,False,False,0.51,57.0,45
651,530,88,107,122,74,75,64,False,False,1.6,90.0,45
584,335,60,60,50,40,50,75,False,False,0.61,19.5,190
268,385,60,50,70,50,90,65,False,False,1.19,31.6,45
503,255,45,55,39,35,39,42,False,False,0.51,11.6,255
307,410,60,60,75,60,75,80,False,True,1.3,31.5,90
310,405,60,50,40,85,75,95,False,False,0.41,4.2,200
46,405,60,95,80,60,80,30,False,False,0.99,29.5,75
261,420,70,90,70,60,60,70,False,False,0.99,37.0,127
195,525,65,65,60,130,95,110,False,False,0.89,26.5,45
720,600,80,110,120,130,90,70,True,False,1.7,195.0,3
603,515,85,115,80,105,80,50,False,False,2.11,80.5,30
107,385,90,55,75,60,75,30,False,False,1.19,65.5,45
500,308,55,55,45,63,45,45,False,False,0.51,5.9,45
538,465,75,125,75,30,75,85,False,False,1.4,51.0,45
363,410,90,60,70,75,70,45,False,False,1.09,87.6,120
100,480,60,50,70,80,80,140,False,False,1.19,66.6,60
596,305,44,50,91,24,86,10,False,False,0.61,18.8,255
644,600,89,125,90,115,80,101,True,False,1.5,68.0,3
522,497,75,100,63,80,63,116,False,False,1.6,79.5,75
420,450,70,60,70,87,78,85,False,False,0.51,9.3,75
179,365,70,55,55,80,60,45,False,False,0.79,13.3,120
304,430,60,90,140,50,50,40,False,False,0.89,120.0,90
445,390,135,85,40,40,85,5,False,False,0.61,105.0,50
692,500,71,73,88,120,89,59,False,False,1.3,35.3,55
149,680,106,110,90,154,90,130,True,True,2.01,122.0,3
124,490,65,83,57,95,85,105,False,False,1.09,30.0,45
569,330,40,65,40,80,40,65,False,False,0.71,12.5,75
625,490,95,110,95,40,95,55,False,False,1.6,94.6,45
185,500,90,75,75,90,100,70,False,False,1.09,33.9,45
464,535,100,100,125,110,50,50,False,False,2.01,128.6,30
429,505,100,125,52,105,52,71,False,False,0.89,27.3,30
685,288,53,54,53,37,46,45,False,False,0.41,3.5,190
710,494,65,90,122,58,75,84,False,False,1.7,39.0,60
377,580,80,50,100,100,200,50,True,False,1.8,175.0,3
321,305,60,60,40,65,45,35,False,False,0.71,24.0,255
664,213,45,22,60,27,30,29,False,False,0.3,8.4,120
142,540,160,110,65,65,110,30,False,False,2.11,460.0,25
141,515,80,105,65,60,75,130,False,True,1.8,59.0,45
428,495,60,60,60,105,105,105,False,False,0.89,4.4,45
320,500,170,90,45,90,45,60,False,False,14.5,398.0,60
19,413,55,81,60,50,70,97,False,False,0.71,18.5,127
172,218,50,25,28,45,55,15,False,False,0.3,3.0,150
585,475,80,100,70,60,70,95,False,False,1.91,92.5,75
312,400,65,73,55,47,75,85,False,False,0.71,17.7,150
670,552,78,65,68,112,154,75,False,False,1.09,10.0,45
12,195,40,35,30,20,20,50,False,False,0.3,3.2,255
305,530,70,110,180,60,60,50,False,True,2.11,360.0,45
354,295,20,40,90,30,90,25,False,False,0.79,15.0,190
25,485,60,90,55,90,80,110,False,False,0.79,30.0,75
536,509,105,95,75,85,75,74,False,False,1.5,62.0,45
169,330,75,38,38,56,56,67,False,False,0.51,12.0,190
38,270,115,45,20,45,25,20,False,False,0.51,5.5,170
535,384,75,65,55,65,55,69,False,False,0.79,17.0,120
245,300,50,64,50,45,50,41,False,False,0.61,72.0,45
298,375,30,45,135,45,90,30,False,False,0.99,97.0,255
470,525,65,60,110,130,95,65,False,False,0.79,25.9,45
272,220,40,40,50,30,30,30,False,False,0.51,4.0,255
154,309,39,52,43,60,50,65,False,False,0.51,7.9,45
126,500,65,125,100,55,70,85,False,True,1.5,55.0,45
517,487,116,55,85,107,95,29,False,False,1.09,60.5,75
341,468,63,120,85,90,55,55,False,False,1.09,32.8,155
287,440,80,80,80,55,55,90,False,False,1.4,46.5,120
113,435,65,55,115,100,40,60,False,False,0.99,35.0,45
462,515,110,85,95,80,95,50,False,False,1.7,140.0,30
173,210,90,30,15,40,20,15,False,False,0.3,1.0,170
359,260,95,23,48,23,48,23,False,False,0.61,14.0,125
653,409,59,59,58,90,70,73,False,False,0.99,14.5,45
57,350,55,70,45,70,50,60,False,False,0.71,19.0,190
480,580,80,105,105,105,105,80,True,False,0.3,0.3,3
222,300,35,65,35,65,35,65,False,False,0.61,12.0,190
280,278,38,35,35,65,55,50,False,False,0.79,20.2,120
17,479,83,80,75,70,70,101,False,True,1.5,39.5,45
440,411,76,65,45,92,42,91,False,False,0.51,1.9,30
322,460,70,100,70,105,75,40,False,True,1.91,220.0,150
255,405,60,85,60,85,60,55,False,False,0.89,19.5,45
634,600,92,105,90,125,90,98,False,False,1.8,160.0,45
690,494,65,75,90,97,123,44,False,False,1.8,81.5,55
190,180,30,30,30,30,30,30,False,False,0.3,1.8,235
650,405,61,78,95,56,58,57,False,False,0.71,29.0,45
636,550,85,60,65,135,105,100,False,False,1.6,46.0,15
405,280,40,30,35,50,70,55,False,False,0.2,1.2,255
94,385,35,45,160,30,45,70,False,False,8.79,210.0,45
180,510,90,75,85,115,90,55,False,True,1.4,61.5,45
301,380,50,75,75,65,65,50,False,True,0.51,11.0,45
521,295,45,60,32,50,32,76,False,False,0.79,29.8,190
529,508,110,135,60,50,65,88,False,False,0.71,40.4,60
699,525,95,65,65,110,130,60,False,False,0.99,23.5,45
514,316,50,53,48,53,48,64,False,False,0.61,13.5,190
635,360,55,85,55,50,55,60,False,False,1.09,28.8,45
465,540,75,123,67,95,85,95,False,False,1.8,138.6,30
5,534,78,84,78,109,85,100,False,True,1.7,90.5,45
706,470,57,80,91,80,87,75,False,False,0.2,3.0,75
45,285,35,70,55,45,55,25,False,False,0.3,5.4,190
511,498,75,98,63,98,63,101,False,False,1.09,30.5,75
543,360,40,55,99,40,79,47,False,False,1.19,58.5,120
171,205,20,40,15,35,35,60,False,False,0.3,2.0,190
16,349,63,60,55,50,50,71,False,False,1.09,30.0,120
48,450,70,65,60,90,75,90,False,False,1.5,12.5,75
696,521,82,121,119,69,59,71,False,False,2.49,270.0,45
659,423,85,56,77,50,77,78,False,False,0.99,42.4,127
3,309,39,52,43,60,50,65,False,False,0.61,8.5,45
486,680,150,120,100,120,100,90,True,False,6.91,650.0,3
447,525,70,110,70,115,70,90,False,True,1.19,54.0,45
316,467,100,73,83,73,83,55,False,False,1.7,80.0,75
704,452,68,75,53,83,113,60,False,False,0.79,17.5,45
283,414,70,60,62,80,82,60,False,False,0.79,3.6,75
96,483,85,73,70,73,115,67,False,False,1.6,75.6,75
285,460,60,130,80,60,60,70,False,False,1.19,39.2,90
448,330,68,72,78,38,42,32,False,False,0.79,49.5,140
225,465,65,40,70,80,140,70,False,False,2.11,220.0,25
26,300,50,75,85,20,30,40,False,False,0.61,12.0,255
652,307,40,45,40,62,60,60,False,False,0.41,9.4,45
263,420,78,70,61,50,61,100,False,False,0.51,32.5,90
50,405,35,80,50,50,70,120,False,False,0.71,33.3,50
364,530,110,80,90,95,90,65,False,False,1.4,150.6,45
229,540,75,95,95,95,95,85,False,False,1.8,152.0,45
37,505,73,76,75,81,100,100,False,False,1.09,19.9,75
157,314,50,65,64,44,48,43,False,False,0.61,9.5,45
237,305,45,30,15,85,65,65,False,False,0.41,6.0,45
691,330,50,53,62,58,63,44,False,False,0.51,8.3,225
374,420,60,75,100,55,80,50,False,False,1.19,202.5,3
370,300,45,75,60,40,30,50,False,False,0.61,42.1,45
175,405,55,40,85,80,105,40,False,False,0.61,3.2,75
611,540,76,147,90,60,70,97,False,False,1.8,105.5,45
127,490,75,100,95,40,70,110,False,False,1.4,88.4,45
531,305,75,80,55,25,35,35,False,False,0.61,12.5,180
194,430,95,85,85,65,65,35,False,False,1.4,75.0,90
613,485,95,110,80,70,80,50,False,False,2.59,260.0,60
621,303,59,74,50,35,50,35,False,False,0.99,92.0,190
604,335,55,55,55,85,55,30,False,False,0.51,9.0,255
482,680,100,120,120,150,100,90,True,False,5.41,683.0,3
485,670,110,160,110,80,110,100,True,False,3.71,420.0,3
695,362,58,89,77,45,45,48,False,False,0.79,26.0,45
671,350,66,65,48,62,57,52,False,False,0.89,31.0,200
619,510,65,125,60,95,60,105,False,False,1.4,35.5,45
67,505,90,130,80,65,85,55,False,False,1.6,130.0,45
478,440,50,50,77,95,77,91,False,False,0.3,0.3,45
168,535,85,90,80,70,80,130,False,False,1.8,75.0,90
444,600,108,130,95,80,85,102,False,True,1.91,95.0,45
590,464,114,85,70,85,80,30,False,False,0.61,10.5,75
162,262,60,30,30,36,56,50,False,False,0.71,21.2,255
309,475,70,75,60,105,60,105,False,True,1.5,40.2,45
193,210,55,45,45,25,25,15,False,False,0.41,8.5,255
513,498,75,98,63,98,63,101,False,False,0.99,28.0,75
365,345,35,64,85,74,55,32,False,False,0.41,52.5,255
383,680,105,150,90,150,90,95,True,True,7.01,206.5,45
649,313,56,61,65,48,45,38,False,False,0.41,9.0,45
629,510,110,65,105,55,95,80,False,False,1.19,39.5,60
152,405,60,62,80,63,80,60,False,False,1.19,15.8,45
487,600,120,70,120,75,130,85,False,False,1.5,85.6,3
501,413,75,75,60,83,60,60,False,False,0.79,24.5,45
226,465,65,80,140,40,70,70,False,False,1.7,50.5,25
494,308,45,45,55,45,55,63,False,False,0.61,8.1,45
575,490,70,55,95,95,110,65,False,False,1.5,44.0,50
103,320,50,50,95,40,50,35,False,False,0.41,6.5,190
421,325,76,48,48,57,62,34,False,False,0.3,6.3,190
419,275,45,35,45,62,53,35,False,False,0.41,3.3,190
682,462,101,72,72,99,89,29,False,False,0.79,15.5,140
545,280,40,27,60,37,50,66,False,False,0.3,0.6,190
74,390,55,95,115,45,45,35,False,False,0.99,105.0,120
115,295,30,40,70,70,25,60,False,False,0.41,8.0,225
407,350,67,125,40,30,30,58,False,False,0.89,31.5,45
694,481,62,55,52,109,94,109,False,False,0.99,21.0,75
119,340,30,45,55,70,55,85,False,False,0.79,34.5,225
53,320,50,52,48,65,50,55,False,False,0.79,19.6,190
151,318,45,49,65,49,65,45,False,False,0.89,6.4,45
403,363,60,85,49,60,49,60,False,False,0.89,30.5,120
678,325,45,80,100,35,37,28,False,False,0.79,2.0,180
207,510,75,85,200,55,65,30,False,True,9.19,400.0,25
495,413,60,60,75,60,75,83,False,False,0.79,16.0,45
516,292,76,25,45,67,55,24,False,False,0.61,23.3,190
506,370,65,80,65,35,65,60,False,False,0.89,14.7,120
576,290,45,30,40,105,50,20,False,False,0.3,1.0,200
8,530,79,83,100,85,105,78,False,True,1.6,85.5,45
583,535,71,95,85,110,95,79,False,False,1.3,57.5,45
36,299,38,41,40,50,65,65,False,False,0.61,9.9,190
452,300,48,61,40,61,40,50,False,False,0.71,23.0,140
139,355,30,80,90,55,45,55,False,False,0.51,11.5,45
253,530,70,85,65,105,85,120,False,True,1.7,52.2,45
303,330,50,70,100,40,40,30,False,False,0.41,60.0,180
541,500,75,103,80,70,80,92,False,False,1.19,20.5,45
544,485,60,100,89,55,69,112,False,False,2.49,200.5,45
368,485,100,90,130,45,65,55,False,False,0.99,23.4,25
59,300,40,50,40,40,40,90,False,False,0.61,12.4,255
499,528,110,123,65,100,65,65,False,False,1.6,150.0,45
111,485,105,130,120,45,45,40,False,False,1.91,120.0,60
518,264,50,55,50,36,30,43,False,False,0.3,2.1,255
526,313,55,45,43,55,43,72,False,False,0.41,2.1,190
641,580,79,115,70,125,80,111,True,False,1.5,61.0,3
262,240,38,30,41,30,41,60,False,False,0.41,17.5,255
606,275,50,30,55,65,55,20,False,False,0.3,3.1,190
297,190,50,20,40,20,40,20,False,False,0.2,2.0,150
477,480,70,80,70,80,70,110,False,False,1.3,26.6,75
414,244,30,30,42,30,42,70,False,False,0.3,5.5,120
150,600,100,100,100,100,100,100,False,False,0.41,4.0,45
433,329,63,63,47,41,41,74,False,False,0.41,19.2,225
571,300,55,50,40,40,40,75,False,False,0.41,5.8,255
639,580,91,90,72,90,129,108,True,False,2.01,200.0,3
488,480,80,80,80,80,80,80,False,False,0.41,3.1,30
147,420,61,84,65,70,70,70,False,False,3.99,16.5,45
146,300,41,64,45,50,50,50,False,False,1.8,3.3,45
527,425,67,57,55,77,55,114,False,False,0.89,10.5,45
667,507,86,68,72,109,66,106,False,False,1.5,81.5,65
586,428,55,75,60,75,60,103,False,False,0.41,5.0,200
348,200,20,15,20,10,55,80,False,False,0.61,7.4,255
463,535,115,140,130,55,55,40,False,False,2.39,282.8,30
325,470,80,45,65,90,110,80,False,False,0.89,71.5,60
186,250,35,35,40,35,55,50,False,False,0.41,0.5,255
123,455,65,50,35,115,95,95,False,False,1.4,40.6,45
612,305,55,70,40,60,40,40,False,False,0.51,8.5,120
143,580,90,85,100,95,125,85,True,False,1.7,55.4,3
686,482,86,92,88,68,75,73,False,False,1.5,47.0,80
197,405,60,85,42,85,42,91,False,False,0.51,2.1,30
279,198,28,25,25,45,35,40,False,False,0.41,6.6,235
293,360,84,71,43,71,43,48,False,False,0.99,40.5,120
400,194,37,25,41,25,41,25,False,False,0.3,2.2,255
122,500,70,110,80,55,80,105,False,False,1.5,56.0,45
183,420,100,50,80,60,80,50,False,False,0.79,28.5,75
202,455,70,80,65,90,65,85,False,False,1.5,41.5,60
438,310,20,25,45,70,90,60,False,False,0.61,13.0,145
246,410,70,84,70,65,70,51,False,False,1.19,152.0,45
415,474,70,80,102,80,102,40,False,False,1.19,38.5,45
638,580,91,129,90,72,90,108,True,False,1.91,260.0,3
129,540,95,125,79,60,100,81,False,True,6.5,235.0,45
402,263,45,65,34,40,34,45,False,False,0.51,9.5,235
567,329,50,50,62,40,62,65,False,False,0.61,31.0,190
559,488,65,90,115,45,115,58,False,False,1.09,30.0,90
219,250,50,50,40,30,30,50,False,False,0.41,6.5,225
654,534,75,69,72,114,100,104,False,False,1.5,39.0,45
547,280,45,35,50,70,50,30,False,False,0.51,6.6,190
657,530,72,95,67,103,71,122,False,False,1.5,40.0,45
554,480,105,140,55,30,55,95,False,False,1.3,92.9,60
386,318,55,68,64,45,55,31,False,False,0.41,10.2,45
697,362,77,59,50,67,63,46,False,False,1.3,25.2,45
509,446,64,88,50,88,50,106,False,False,1.09,37.5,90
267,205,50,35,55,25,25,15,False,False,0.71,11.5,120
441,485,50,92,108,92,108,35,False,False,0.99,108.0,100
496,528,75,75,95,75,95,113,False,False,3.3,63.0,45
112,450,250,5,5,35,105,50,False,False,1.09,34.6,30
232,515,85,80,90,105,95,60,False,False,0.61,32.5,45
626,350,70,83,50,37,50,60,False,False,0.51,10.5,190
373,300,40,55,80,35,60,30,False,False,0.61,95.2,3
233,465,73,95,62,85,65,85,False,False,1.4,71.2,45
568,474,80,95,82,60,82,75,False,False,1.91,107.3,60
317,305,45,90,20,65,20,65,False,False,0.79,20.8,225
410,495,60,52,168,47,138,30,False,False,1.3,149.5,45
643,680,100,150,120,120,100,90,True,False,2.9,345.0,3
358,465,65,130,60,75,60,75,False,True,1.19,47.0,30
258,405,70,85,70,60,70,50,False,False,0.71,28.0,45
282,269,40,30,32,50,52,65,False,False,0.51,1.7,200
376,580,80,100,200,50,100,50,True,False,1.7,230.0,3
384,600,100,100,100,100,100,100,True,False,0.3,1.1,3
224,330,45,55,45,65,45,75,False,False,0.89,16.0,45
683,341,62,48,66,59,57,49,False,False,0.41,3.5,200
588,495,70,135,105,60,105,20,False,False,0.99,33.0,75
472,530,110,130,80,70,60,80,False,False,2.49,291.0,50
347,495,75,125,100,70,80,45,False,False,1.5,68.2,45
505,275,45,60,45,25,45,55,False,False,0.41,4.1,255
709,335,49,66,70,44,55,51,False,False,0.41,5.0,120
665,411,80,52,50,90,50,89,False,False,1.19,17.0,45
648,600,71,120,95,120,95,99,False,False,1.5,82.5,3
713,245,40,30,35,45,40,55,False,False,0.51,8.0,190
607,370,60,40,60,95,60,55,False,False,0.61,13.0,90
556,325,50,65,85,35,35,55,False,False,0.3,14.5,190
577,370,65,40,50,125,60,30,False,False,0.61,8.0,100
85,325,65,45,55,45,70,45,False,False,1.09,90.0,190
242,580,90,85,75,115,100,115,True,False,1.91,178.0,3
159,530,85,105,100,79,83,78,False,False,2.31,88.8,45
524,390,70,105,105,50,40,20,False,False,0.89,102.0,120
35,483,95,70,73,95,90,60,False,False,1.3,40.0,25
540,380,55,63,90,50,80,42,False,False,0.51,7.3,120
170,460,125,58,58,76,76,67,False,False,1.19,22.5,75
616,495,80,70,40,100,60,145,False,False,0.79,25.3,75
608,520,60,55,90,145,90,80,False,False,0.99,34.3,45
677,466,74,48,76,83,81,104,False,False,0.61,8.5,75
95,328,60,48,45,43,90,42,False,False,0.99,32.4,190
563,355,54,78,103,53,45,22,False,False,0.71,16.5,45
240,490,95,80,105,40,70,100,False,False,1.19,75.5,45
574,390,60,45,70,75,85,55,False,False,0.71,18.0,100
460,510,70,120,65,45,85,125,False,False,1.09,34.0,45
553,315,70,90,45,15,45,50,False,False,0.61,37.5,120
631,484,58,109,112,48,48,109,False,False,0.3,33.0,90
206,430,65,75,105,35,65,85,False,False,1.09,64.8,60
392,314,53,51,53,61,56,40,False,False,0.41,5.2,45
397,485,85,120,70,50,60,100,False,False,1.19,24.9,45
609,320,46,87,60,30,40,57,False,False,0.61,18.0,75
217,250,40,40,40,70,40,20,False,False,0.71,35.0,190
4,405,58,64,58,80,65,80,False,False,1.09,19.0,45
642,680,100,120,100,150,120,90,True,False,3.2,330.0,3
546,480,60,67,85,77,75,116,False,False,0.71,6.6,75
98,475,55,130,115,50,50,75,False,False,1.3,60.0,60
573,290,45,30,50,55,65,45,False,False,0.41,5.8,200
406,515,60,70,65,125,105,90,False,False,0.89,14.5,75
502,528,95,100,85,108,70,70,False,False,1.5,94.6,45
47,305,60,55,50,40,55,45,False,False,0.99,30.0,190
32,365,61,72,57,55,55,65,False,False,0.89,19.5,120
200,336,48,72,48,72,48,48,False,False,0.51,5.0,225
134,525,65,65,60,110,95,130,False,False,0.79,24.5,45
27,450,75,100,110,45,55,65,False,False,0.99,29.5,90
633,420,72,85,70,65,70,58,False,False,1.4,50.0,45
230,330,90,60,60,40,40,40,False,False,0.51,33.5,120
489,600,100,100,100,100,100,100,False,False,0.3,1.4,3
378,580,80,75,150,75,150,50,True,False,1.91,205.0,3
288,670,150,160,100,95,65,100,False,False,2.01,130.5,45
418,495,85,105,55,85,50,115,False,False,1.09,33.5,75
391,534,76,104,71,104,71,108,False,False,1.19,55.0,45
592,480,100,60,70,85,105,60,False,False,2.21,135.0,60
498,418,90,93,55,70,55,55,False,False,0.99,55.5,45
138,495,70,60,125,115,70,55,False,False,0.99,35.0,45
62,310,25,20,15,105,55,90,False,False,0.89,19.5,200
471,510,75,95,125,45,75,95,False,False,2.01,42.5,30
128,200,20,10,55,15,20,80,False,False,0.89,10.0,255
715,680,126,131,95,131,98,99,True,False,3.0,215.0,45
520,488,80,115,80,65,55,93,False,False,1.19,29.0,45
64,500,55,50,45,135,95,120,False,True,1.5,48.0,50
14,395,65,90,40,45,80,75,False,True,0.99,29.5,45
156,534,78,84,78,109,85,100,False,False,1.7,79.5,45
40,245,40,45,35,30,40,55,False,False,0.79,7.5,255
492,720,120,120,120,120,120,120,True,False,3.2,320.0,3
379,600,80,80,90,110,130,110,True,True,1.4,40.0,3
187,340,55,45,50,45,65,80,False,False,0.61,1.0,120
216,500,90,130,75,75,75,55,False,False,1.8,125.8,60
52,440,65,70,60,65,65,115,False,False,0.99,32.0,90
337,440,70,95,85,55,65,70,False,False,1.19,154.0,45
295,237,72,60,30,20,30,25,False,False,0.99,86.4,180
251,310,40,45,35,65,55,70,False,False,0.51,5.0,45
461,535,70,70,115,130,90,60,False,False,1.19,180.0,30
455,330,49,49,56,49,61,66,False,False,0.41,7.0,190
718,600,50,100,150,100,150,50,True,True,0.71,8.8,3
269,220,40,30,30,40,50,30,False,False,0.51,2.6,255
201,405,190,33,58,33,58,33,False,False,1.3,28.5,45
161,415,85,76,64,45,55,90,False,False,1.8,32.5,90
555,461,75,86,67,106,67,60,False,False,0.99,28.0,255
401,384,77,85,51,55,51,65,False,False,0.99,25.5,45
476,525,45,100,135,65,135,45,False,False,2.21,106.6,45
105,455,50,120,53,35,110,87,False,False,1.5,49.8,45
565,401,55,112,45,74,45,70,False,False,0.51,9.5,45
389,309,44,58,44,58,44,61,False,False,0.51,6.2,45
1,405,60,62,63,80,80,60,False,False,0.99,13.0,45
672,531,123,100,62,97,81,68,False,False,1.7,91.0,45
561,303,38,30,85,55,65,30,False,False,0.51,1.5,190
80,325,25,35,70,95,55,45,False,False,0.3,6.0,190
205,415,100,70,70,65,65,45,False,False,1.5,14.0,190
34,323,70,45,48,60,65,35,False,False,0.61,7.5,150
508,281,41,50,37,50,37,66,False,False,0.41,10.1,255
427,480,65,76,84,54,96,105,False,True,1.19,33.3,60
454,454,74,100,72,90,72,46,False,False,1.4,27.0,200
366,485,55,104,105,94,75,52,False,False,1.7,27.0,60
91,310,30,35,30,100,35,80,False,False,1.3,0.1,190
339,468,110,78,73,76,71,60,False,False,0.89,23.6,75
564,495,74,108,133,83,65,32,False,False,1.19,81.0,45
345,495,86,81,97,81,107,43,False,False,1.5,60.4,45
241,540,255,10,10,75,135,55,False,False,1.5,46.8,30
13,205,45,25,50,25,25,35,False,False,0.61,10.0,120
315,302,70,43,53,43,53,40,False,False,0.41,10.3,225
600,520,60,100,115,70,85,90,False,False,0.61,81.0,30
387,405,75,89,85,55,65,36,False,False,1.09,97.0,45
273,340,70,70,40,60,40,60,False,False,0.99,28.0,120
166,250,40,60,40,40,40,30,False,False,0.51,8.5,255
714,535,85,70,80,97,80,123,False,False,1.5,85.0,45
646,580,91,72,90,129,90,108,False,False,1.4,48.5,3
484,600,91,90,106,130,106,77,True,False,1.7,430.0,3
703,300,45,50,35,55,75,40,False,False,0.3,2.8,45
504,420,60,85,69,60,69,77,False,False,1.09,27.0,255
243,580,115,115,85,90,75,100,True,False,2.11,198.0,3
566,567,75,140,65,112,65,110,False,False,1.4,32.0,45
562,483,58,50,145,95,105,30,False,False,1.7,76.5,90
189,360,55,70,55,40,55,85,False,False,0.79,11.5,45
475,525,60,55,145,75,150,40,False,False,1.4,340.0,60
681,341,78,52,60,63,65,23,False,False,0.2,0.5,200
510,316,50,53,48,53,48,64,False,False,0.61,10.5,190
58,555,90,110,80,100,80,95,False,False,1.91,155.0,75
474,518,68,125,65,65,115,80,False,True,1.6,52.0,45
560,490,72,58,80,103,80,97,False,False,1.4,14.0,45
252,405,50,65,45,85,65,95,False,False,0.89,21.6,45
21,442,65,90,65,61,61,100,False,False,1.19,38.0,90
313,400,65,47,55,73,75,85,False,False,0.61,17.7,150
459,494,90,92,75,92,85,60,False,True,2.21,135.5,60
160,215,35,46,34,35,45,20,False,False,0.79,6.0,255
276,430,60,85,60,50,50,125,False,False,0.71,19.8,45
191,425,75,75,55,105,85,30,False,False,0.79,8.5,120
385,600,50,150,50,150,50,150,True,False,1.7,60.8,3
413,424,70,94,50,94,50,66,False,False,0.89,23.3,45
491,600,100,100,100,100,100,100,True,False,0.2,2.1,45
343,500,60,70,105,70,120,75,False,False,1.5,108.0,90
308,295,40,45,40,65,40,65,False,False,0.61,15.2,120
661,382,62,73,55,56,52,84,False,False,0.71,16.0,120
130,535,130,85,80,85,95,60,False,False,2.49,220.0,45
663,200,38,35,40,27,25,35,False,False,0.3,2.5,255
99,330,40,30,50,55,55,100,False,False,0.51,10.4,190
372,600,95,135,80,110,80,100,False,True,1.5,102.6,45
87,325,80,80,50,40,50,25,False,False,0.89,30.0,190
458,334,60,62,50,62,60,40,False,False,0.99,50.5,120
330,335,50,85,40,85,40,35,False,False,0.41,51.3,190
214,430,55,95,55,35,75,115,False,False,0.89,28.0,60
466,540,75,95,67,125,95,83,False,False,1.6,68.0,30
121,460,40,45,65,100,120,90,False,False,1.3,54.5,45
614,485,70,50,30,95,135,105,False,False,1.09,148.0,25
20,262,40,60,30,31,31,70,False,False,0.3,2.0,255
700,500,78,92,75,74,63,118,False,False,0.79,21.5,100
71,335,40,40,35,50,100,70,False,False,0.89,45.5,190
106,455,50,105,79,35,110,76,False,False,1.4,50.2,45
270,340,60,50,50,60,70,50,False,False,1.19,32.5,120
435,300,57,24,86,24,86,23,False,False,0.51,60.5,255
102,520,95,95,85,125,65,55,False,False,2.01,120.0,45
